,0
0021800985,https://official.nba.com/l2m/L2MReport.html?gameId=0021800985
0021800986,https://official.nba.com/l2m/L2MReport.html?gameId=0021800986
0021800987,https://official.nba.com/l2m/L2MReport.html?gameId=0021800987
0021801069,https://official.nba.com/l2m/L2MReport.html?gameId=0021801069
0021801064,https://official.nba.com/l2m/L2MReport.html?gameId=0021801064
0021801065,https://official.nba.com/l2m/L2MReport.html?gameId=0021801065
0021800942,https://official.nba.com/l2m/L2MReport.html?gameId=0021800942
0021801067,https://official.nba.com/l2m/L2MReport.html?gameId=0021801067
0021800988,https://official.nba.com/l2m/L2MReport.html?gameId=0021800988
0021801063,https://official.nba.com/l2m/L2MReport.html?gameId=0021801063
0041800124,https://official.nba.com/l2m/L2MReport.html?gameId=0041800124
0021800904,https://official.nba.com/l2m/L2MReport.html?gameId=0021800904
0021800906,https://official.nba.com/l2m/L2MReport.html?gameId=0021800906
0021800901,https://official.nba.com/l2m/L2MReport.html?gameId=0021800901
0021801190,https://official.nba.com/l2m/L2MReport.html?gameId=0021801190
0041800312,https://official.nba.com/l2m/L2MReport.html?gameId=0041800312
0021801219,https://official.nba.com/l2m/L2MReport.html?gameId=0021801219
0021801218,https://official.nba.com/l2m/L2MReport.html?gameId=0021801218
0021801195,https://official.nba.com/l2m/L2MReport.html?gameId=0021801195
0041800314,https://official.nba.com/l2m/L2MReport.html?gameId=0041800314
0021800943,https://official.nba.com/l2m/L2MReport.html?gameId=0021800943
0021801210,https://official.nba.com/l2m/L2MReport.html?gameId=0021801210
0021801114,https://official.nba.com/l2m/L2MReport.html?gameId=0021801114&amp;noVideo=true
0021801115,https://official.nba.com/l2m/L2MReport.html?gameId=0021801115&amp;noVideo=true
0021801072,https://official.nba.com/l2m/L2MReport.html?gameId=0021801072
0021801071,https://official.nba.com/l2m/L2MReport.html?gameId=0021801071
0021801070,https://official.nba.com/l2m/L2MReport.html?gameId=0021801070
0021800911,https://official.nba.com/l2m/L2MReport.html?gameId=0021800911
0021801076,https://official.nba.com/l2m/L2MReport.html?gameId=0021801076
0021801075,https://official.nba.com/l2m/L2MReport.html?gameId=0021801075
0021801172,https://official.nba.com/l2m/L2MReport.html?gameId=0021801172
0021801171,https://official.nba.com/l2m/L2MReport.html?gameId=0021801171
0021801177,https://official.nba.com/l2m/L2MReport.html?gameId=0021801177
0021800913,https://official.nba.com/l2m/L2MReport.html?gameId=0021800913
0021800912,https://official.nba.com/l2m/L2MReport.html?gameId=0021800912
0021801018,https://official.nba.com/l2m/L2MReport.html?gameId=0021801018
0041800132,https://official.nba.com/l2m/L2MReport.html?gameId=0041800132
0021800915,https://official.nba.com/l2m/L2MReport.html?gameId=0021800915
0021801185,https://official.nba.com/l2m/L2MReport.html?gameId=0021801185
0021801180,https://official.nba.com/l2m/L2MReport.html?gameId=0021801180
0041800113,https://official.nba.com/l2m/L2MReport.html?gameId=0041800113
0021801189,https://official.nba.com/l2m/L2MReport.html?gameId=0021801189
0021801109,https://official.nba.com/l2m/L2MReport.html?gameId=0021801109&amp;noVideo=true
0021801107,https://official.nba.com/l2m/L2MReport.html?gameId=0021801107&amp;noVideo=true
0021801106,https://official.nba.com/l2m/L2MReport.html?gameId=0021801106&amp;noVideo=true
0021801102,https://official.nba.com/l2m/L2MReport.html?gameId=0021801102&amp;noVideo=true
0021801007,https://official.nba.com/l2m/L2MReport.html?gameId=0021801007
0021801002,https://official.nba.com/l2m/L2MReport.html?gameId=0021801002
0021801000,https://official.nba.com/l2m/L2MReport.html?gameId=0021801000
0021801162,https://official.nba.com/l2m/L2MReport.html?gameId=0021801162
0021801167,https://official.nba.com/l2m/L2MReport.html?gameId=0021801167
0021800962,https://official.nba.com/l2m/L2MReport.html?gameId=0021800962
0021800960,https://official.nba.com/l2m/L2MReport.html?gameId=0021800960
0021800968,https://official.nba.com/l2m/L2MReport.html?gameId=0021800968
0041800142,https://official.nba.com/l2m/L2MReport.html?gameId=0041800142
0021800997,https://official.nba.com/l2m/L2MReport.html?gameId=0021800997
0021800996,https://official.nba.com/l2m/L2MReport.html?gameId=0021800996
0021801011,https://official.nba.com/l2m/L2MReport.html?gameId=0021801011
0041800217,https://official.nba.com/l2m/L2MReport.html?gameId=0041800217
0021801192,https://official.nba.com/l2m/L2MReport.html?gameId=0021801192
0021801153,https://official.nba.com/l2m/L2MReport.html?gameId=0021801153
0021800977,https://official.nba.com/l2m/L2MReport.html?gameId=0021800977
0021801193,https://official.nba.com/l2m/L2MReport.html?gameId=0021801193
0021800970,https://official.nba.com/l2m/L2MReport.html?gameId=0021800970
0021800973,https://official.nba.com/l2m/L2MReport.html?gameId=0021800973
0021800875,https://official.nba.com/l2m/L2MReport.html?gameId=0021800875
0021800876,https://official.nba.com/l2m/L2MReport.html?gameId=0021800876
0021800877,https://official.nba.com/l2m/L2MReport.html?gameId=0021800877
0021800870,https://official.nba.com/l2m/L2MReport.html?gameId=0021800870
0021800871,https://official.nba.com/l2m/L2MReport.html?gameId=0021800871
0021800872,https://official.nba.com/l2m/L2MReport.html?gameId=0021800872
0021801098,https://official.nba.com/l2m/L2MReport.html?gameId=0021801098&amp;noVideo=true
0041800151,https://official.nba.com/l2m/L2MReport.html?gameId=0041800151
0021801088,https://official.nba.com/l2m/L2MReport.html?gameId=0021801088
0021801089,https://official.nba.com/l2m/L2MReport.html?gameId=0021801089
0021801086,https://official.nba.com/l2m/L2MReport.html?gameId=0021801086
0021801087,https://official.nba.com/l2m/L2MReport.html?gameId=0021801087
0021801084,https://official.nba.com/l2m/L2MReport.html?gameId=0021801084
0021801080,https://official.nba.com/l2m/L2MReport.html?gameId=0021801080
0021801081,https://official.nba.com/l2m/L2MReport.html?gameId=0021801081
0021800976,https://official.nba.com/l2m/L2MReport.html?gameId=0021800976
0021800949,https://official.nba.com/l2m/L2MReport.html?gameId=0021800949
0021801146,https://official.nba.com/l2m/L2MReport.html?gameId=0021801146
0021801145,https://official.nba.com/l2m/L2MReport.html?gameId=0021801145
0021801149,https://official.nba.com/l2m/L2MReport.html?gameId=0021801149
0021801148,https://official.nba.com/l2m/L2MReport.html?gameId=0021801148
0021800946,https://official.nba.com/l2m/L2MReport.html?gameId=0021800946
0021800930,https://official.nba.com/l2m/L2MReport.html?gameId=0021800930
0021800868,https://official.nba.com/l2m/L2MReport.html?gameId=0021800868
0021800933,https://official.nba.com/l2m/L2MReport.html?gameId=0021800933
0041800165,https://official.nba.com/l2m/L2MReport.html?gameId=0041800165
0041800214,https://official.nba.com/l2m/L2MReport.html?gameId=0041800214
0041800212,https://official.nba.com/l2m/L2MReport.html?gameId=0041800212
0041800161,https://official.nba.com/l2m/L2MReport.html?gameId=0041800161
0041800223,https://official.nba.com/l2m/L2MReport.html?gameId=0041800223
0021801093,https://official.nba.com/l2m/L2MReport.html?gameId=0021801093
0041800402,https://official.nba.com/l2m/L2MReport.html?gameId=0041800402
0041800406,https://official.nba.com/l2m/L2MReport.html?gameId=0041800406
0041800405,https://official.nba.com/l2m/L2MReport.html?gameId=0041800405
0021801134,https://official.nba.com/l2m/L2MReport.html?gameId=0021801134
0021801132,https://official.nba.com/l2m/L2MReport.html?gameId=0021801132
0021801130,https://official.nba.com/l2m/L2MReport.html?gameId=0021801130
0021800956,https://official.nba.com/l2m/L2MReport.html?gameId=0021800956
0021800955,https://official.nba.com/l2m/L2MReport.html?gameId=0021800955
0021800954,https://official.nba.com/l2m/L2MReport.html?gameId=0021800954
0021800953,https://official.nba.com/l2m/L2MReport.html?gameId=0021800953
0021800951,https://official.nba.com/l2m/L2MReport.html?gameId=0021800951
0021801008,https://official.nba.com/l2m/L2MReport.html?gameId=0021801008
0041800173,https://official.nba.com/l2m/L2MReport.html?gameId=0041800173
0041800175,https://official.nba.com/l2m/L2MReport.html?gameId=0041800175
0041800157,https://official.nba.com/l2m/L2MReport.html?gameId=0041800157
0021801220,https://official.nba.com/l2m/L2MReport.html?gameId=0021801220
0021801020,https://official.nba.com/l2m/L2MReport.html?gameId=0021801020
0021801228,https://official.nba.com/l2m/L2MReport.html?gameId=0021801228
0021801229,https://official.nba.com/l2m/L2MReport.html?gameId=0021801229
0021801025,https://official.nba.com/l2m/L2MReport.html?gameId=0021801025
0021801124,https://official.nba.com/l2m/L2MReport.html?gameId=0021801124
0021801049,https://official.nba.com/l2m/L2MReport.html?gameId=0021801049
0021801120,https://official.nba.com/l2m/L2MReport.html?gameId=0021801120&amp;noVideo=true
0021801042,https://official.nba.com/l2m/L2MReport.html?gameId=0021801042
0021801043,https://official.nba.com/l2m/L2MReport.html?gameId=0021801043
0021801040,https://official.nba.com/l2m/L2MReport.html?gameId=0021801040
0021800908,https://official.nba.com/l2m/L2MReport.html?gameId=0021800908
0021801129,https://official.nba.com/l2m/L2MReport.html?gameId=0021801129
0021801128,https://official.nba.com/l2m/L2MReport.html?gameId=0021801128
0021801044,https://official.nba.com/l2m/L2MReport.html?gameId=0021801044
0021800928,https://official.nba.com/l2m/L2MReport.html?gameId=0021800928
0021800923,https://official.nba.com/l2m/L2MReport.html?gameId=0021800923
0021800920,https://official.nba.com/l2m/L2MReport.html?gameId=0021800920
0041800233,https://official.nba.com/l2m/L2MReport.html?gameId=0041800233
0041800234,https://official.nba.com/l2m/L2MReport.html?gameId=0041800234
0021800927,https://official.nba.com/l2m/L2MReport.html?gameId=0021800927
0021800924,https://official.nba.com/l2m/L2MReport.html?gameId=0021800924
0041800237,https://official.nba.com/l2m/L2MReport.html?gameId=0041800237
0021800881,https://official.nba.com/l2m/L2MReport.html?gameId=0021800881
0021800921,https://official.nba.com/l2m/L2MReport.html?gameId=0021800921
0021800926,https://official.nba.com/l2m/L2MReport.html?gameId=0021800926
0021801230,https://official.nba.com/l2m/L2MReport.html?gameId=0021801230
0021801037,https://official.nba.com/l2m/L2MReport.html?gameId=0021801037
0021801036,https://official.nba.com/l2m/L2MReport.html?gameId=0021801036
0021801035,https://official.nba.com/l2m/L2MReport.html?gameId=0021801035
0021800925,https://official.nba.com/l2m/L2MReport.html?gameId=0021800925
0021800890,https://official.nba.com/l2m/L2MReport.html?gameId=0021800890
0021801030,https://official.nba.com/l2m/L2MReport.html?gameId=0021801030
0021801059,https://official.nba.com/l2m/L2MReport.html?gameId=0021801059
0021801050,https://official.nba.com/l2m/L2MReport.html?gameId=0021801050
0021801056,https://official.nba.com/l2m/L2MReport.html?gameId=0021801056
0021800938,https://official.nba.com/l2m/L2MReport.html?gameId=0021800938
0041800226,https://official.nba.com/l2m/L2MReport.html?gameId=0041800226
0041800225,https://official.nba.com/l2m/L2MReport.html?gameId=0041800225
0041800224,https://official.nba.com/l2m/L2MReport.html?gameId=0041800224
0041800111,https://official.nba.com/l2m/L2MReport.html?gameId=0041800111
0021800934,https://official.nba.com/l2m/L2MReport.html?gameId=0021800934
0041800221,https://official.nba.com/l2m/L2MReport.html?gameId=0041800221
0021800936,https://official.nba.com/l2m/L2MReport.html?gameId=0021800936
0041800305,https://official.nba.com/l2m/L2MReport.html?gameId=0041800305
0041800306,https://official.nba.com/l2m/L2MReport.html?gameId=0041800306
0041800301,https://official.nba.com/l2m/L2MReport.html?gameId=0041800301
0041800303,https://official.nba.com/l2m/L2MReport.html?gameId=0041800303
0021801204,https://official.nba.com/l2m/L2MReport.html?gameId=0021801204
0021801206,https://official.nba.com/l2m/L2MReport.html?gameId=0021801206
0021801207,https://official.nba.com/l2m/L2MReport.html?gameId=0021801207
0021801201,https://official.nba.com/l2m/L2MReport.html?gameId=0021801201
0021801203,https://official.nba.com/l2m/L2MReport.html?gameId=0021801203
0021800885,https://official.nba.com/l2m/L2MReport.html?gameId=0021800885
0021800884,https://official.nba.com/l2m/L2MReport.html?gameId=0021800884
0021800886,https://official.nba.com/l2m/L2MReport.html?gameId=0021800886
0021801208,https://official.nba.com/l2m/L2MReport.html?gameId=0021801208
0021800883,https://official.nba.com/l2m/L2MReport.html?gameId=0021800883
0021800916,https://official.nba.com/l2m/L2MReport.html?gameId=0021800916
